tweets,polarity,sentiment,source
" @DashDobrofsky: Elon Musk did not have anything to say about Zelenskyy's historic speech. Instead, Musk attacked Congress for trying to‚Ä¶",0.0,NEUTRAL,Twitter for Android
" @CollinRugg: Elon Musk on Twitter Files: ""To be totally frank, almost every conspiracy theory that people had about Twitter turned out t‚Ä¶",0.0,NEUTRAL,Twitter Web App
" @CollinRugg: Elon Musk on Twitter Files: ""To be totally frank, almost every conspiracy theory that people had about Twitter turned out t‚Ä¶",0.0,NEUTRAL,Twitter for iPhone
 @iamraisini: Why is Elon Musk exposing the FBI &amp; BIDEN but not the Saudi‚Äôs who had spies at Twitter &amp; murdered/dismembered an American J‚Ä¶,0.0,NEUTRAL,Twitter for iPhone
" @CollinRugg: Elon Musk on Twitter Files: ""To be totally frank, almost every conspiracy theory that people had about Twitter turned out t‚Ä¶",0.0,NEUTRAL,Twitter Web App
" @CollinRugg: Elon Musk on Twitter Files: ""To be totally frank, almost every conspiracy theory that people had about Twitter turned out t‚Ä¶",0.0,NEUTRAL,Twitter for Android
 @CollinRugg: Do you think Elon Musk would make a better president than Joe Biden?,0.5,POSITIVE,Twitter for Android
" @token_christmas: @elonmusk Thanks for mentioning us Elon Musk! Happy Christmas everyone!
$mct #mct #merrychristmastoken @token_christma‚Ä¶",0.625,POSITIVE,Twitter for Android
" @TheUSASingers: In news that should surprise no one, Russia loves what Elon Musk has done with Twitter and thinks he should stay on as C‚Ä¶",0.0,POSITIVE,Twitter for iPhone
" @CollinRugg: Elon Musk on Twitter Files: ""To be totally frank, almost every conspiracy theory that people had about Twitter turned out t‚Ä¶",0.0,POSITIVE,Twitter for iPhone
" @MattWallace888: Elon Musk is running Twitter better with 50 employees than they did with 7,500 ü§£",0.5,POSITIVE,Twitter for iPhone
" @MattWallace888: Elon Musk is running Twitter better with 50 employees than they did with 7,500 ü§£",0.5,POSITIVE,Twitter for Android
"If Elon Musk could speak, we wouldn‚Äôt understand him.",0.0,POSITIVE,Twitter for iPhone
" @GretchenOO8: Elon Musk
""To be totally frank, almost every conspiracy theory that people had about Twitter turned out to be true."" https‚Ä¶",0.175,POSITIVE,Twitter for iPhone
 @enerianna: I can‚Äôt believe tweets weren‚Äôt sending earlier bc elon musk unplugged a server hfhfhfjdjdjd actually no I can believe that,0.0,POSITIVE,Twitter for iPhone
 @sophie_frm_mars: Elon Musk is a dipshit https://t.co/wXwWj8ICaV,0.0,POSITIVE,Twitter Web App
" @CollinRugg: Elon Musk on Twitter Files: ""To be totally frank, almost every conspiracy theory that people had about Twitter turned out t‚Ä¶",0.0,POSITIVE,Twitter for Android
"Elon, musk! Tell me you can invent something better than the stickers that are stuck to all the plastic and all the‚Ä¶ https://t.co/KEO8wuQi4u",0.5,POSITIVE,Twitter for iPhone
" @washingtonpost: Musk‚Äôs intense focus on his social media company purchase has devolved into the culture wars. Meanwhile, Tesla is tanki‚Ä¶",0.11666666666666667,POSITIVE,Twitter Web App
It's amazing Elon Musk would sacrifice Tesla by willingly choosing to go on Twitter and be on the wrong side of his‚Ä¶ https://t.co/herH0MTLgX,0.1166666666666667,POSITIVE,Twitter for Android
" @MattWallace888: Elon Musk is running Twitter better with 50 employees than they did with 7,500 ü§£",0.5,POSITIVE,Twitter for iPhone
" @bgrahamdisciple: My son, who is a software engineer, just told me that people who know software just had their Elon Musk realization. h‚Ä¶",0.0,POSITIVE,Twitter Web App
" @CollinRugg: Elon Musk on Twitter Files: ""To be totally frank, almost every conspiracy theory that people had about Twitter turned out t‚Ä¶",0.0,POSITIVE,Twitter for iPhone
"Hating twitter for Elon Musk?
Name a good social media I will wait.Used to be Elon hater now I don't have to.Almost‚Ä¶ https://t.co/u1CeQC6FTb",0.36666666666666664,POSITIVE,Twitter for Android
" @MattWallace888: Elon Musk is running Twitter better with 50 employees than they did with 7,500 ü§£",0.5,POSITIVE,Twitter for iPhone
" @CollinRugg: Merry Christmas to all, especially the 5000 useless Twitter employees who got fired by Elon Musk üò¨üéÑ",-0.25,POSITIVE,Twitter Web App
" @bgrahamdisciple: My son, who is a software engineer, just told me that people who know software just had their Elon Musk realization. h‚Ä¶",0.0,POSITIVE,Twitter Web App
 @MattWallace888: Elon Musk says it is ‚Äúutter insanity‚Äù that America is spending hundreds of billions of dollars on other countries borde‚Ä¶,-0.0625,POSITIVE,Twitter for iPhone
" @Spiro_Ghost: Elon Musk Said He Declined To Join The WEF...

Do You Believe Him?",0.0,POSITIVE,Twitter for Android
"Merry Christmas *everybody! 

*Except you Elon Musk, you can go fuck yourself",-0.4,POSITIVE,Twitter for Android
 @sophie_frm_mars: Elon Musk is a dipshit https://t.co/wXwWj8ICaV,0.0,POSITIVE,Twitter Web App
" @JamesBradleyCA: Today, all I want for Christmas is for Elon Musk to release the Fauci Files.",0.0,POSITIVE,Twitter for iPhone
" @DrEliDavid: Elon Musk: ‚ÄúAlmost every conspiracy theory that people had about Twitter turned out to be true.‚Äù

https://t.co/OktxyIoHmq",0.35,POSITIVE,Twitter for iPhone
" @MichaelPSenger: Elon Musk: ‚ÄúTo be totally frank, almost every conspiracy theory that people had about Twitter turned out to be true.‚Äù
h‚Ä¶",0.175,POSITIVE,Twitter Web App
" @ohhhhherewego: elon musk watching glass onion
 https://t.co/juHM92jcsO",0.0,POSITIVE,Twitter Web App
" @CollinRugg: Elon Musk on Twitter Files: ""To be totally frank, almost every conspiracy theory that people had about Twitter turned out t‚Ä¶",0.0,POSITIVE,Twitter for iPhone
 @MattWallace888: Elon Musk is against WW3 and the total destruction of all of humanity. Do you agree?,0.0,POSITIVE,Twitter for Android
" @token_christmas: @elonmusk Thanks for mentioning us Elon Musk! Happy Christmas everyone!
$mct #mct #merrychristmastoken @token_christma‚Ä¶",0.625,POSITIVE,Twitter for Android
" @CollinRugg: Elon Musk on Twitter Files: ""To be totally frank, almost every conspiracy theory that people had about Twitter turned out t‚Ä¶",0.0,POSITIVE,Twitter for iPhone
" @GretchenOO8: Elon Musk
""To be totally frank, almost every conspiracy theory that people had about Twitter turned out to be true."" https‚Ä¶",0.175,POSITIVE,Twitter for Android
" @ChuckCallesto: ELON MUSK: 'To be totally frank, ALMOST EVERY CONSPIRACY THEORY that people had about Twitter turned out to be true.'..‚Ä¶",0.175,POSITIVE,Twitter Web App
" @CollinRugg: Merry Christmas to all, especially the 5000 useless Twitter employees who got fired by Elon Musk üò¨üéÑ",-0.25,POSITIVE,Twitter for iPhone
Elon Musk Snubs the Most Powerful Club in The World - TheStreet https://t.co/ZHr1Uxpv89,0.4,POSITIVE,Twitter for iPhone
" @JamesBradleyCA: Today, all I want for Christmas is for Elon Musk to release the Fauci Files.",0.0,POSITIVE,Twitter for Android
" @MattWallace888: Elon Musk is running Twitter better with 50 employees than they did with 7,500 ü§£",0.5,POSITIVE,Twitter for iPad
" @MattWallace888: Elon Musk is running Twitter better with 50 employees than they did with 7,500 ü§£",0.5,POSITIVE,Twitter for iPhone
 @JDAdamsAuthor: Elon Musk's Twitter bid leans on financier linked to Russian tycoon https://t.co/EbiDmUohqV,0.0,POSITIVE,Twitter for iPhone
" @faizsays: NEW: Elon Musk sent a Signal message ordering his staff to aid in the Twitter Files: ""please give Bari [Weiss] full access to‚Ä¶",0.24318181818181817,POSITIVE,Twitter for iPhone
 @thebradfordfile: So basically Elon Musk purchased twitter from the FBI and CIA.,0.0,POSITIVE,Twitter Web App
" @LauraLynnTT: It will be a far better place without you! Bye-bye Whoops!

https://t.co/5kze2K4GHl",0.440625,POSITIVE,Twitter for iPad
" @MattWallace888: Elon Musk is running Twitter better with 50 employees than they did with 7,500 ü§£",0.5,POSITIVE,Twitter Web App
" @GretchenOO8: Elon Musk
""To be totally frank, almost every conspiracy theory that people had about Twitter turned out to be true."" https‚Ä¶",0.175,POSITIVE,Twitter Web App
 @MattWallace888: Elon Musk is against WW3 and the total destruction of all of humanity. Do you agree?,0.0,POSITIVE,Twitter for iPhone
" @JamesBradleyCA: Today, all I want for Christmas is for Elon Musk to release the Fauci Files.",0.0,POSITIVE,Twitter for iPhone
" @JamesBradleyCA: Today, all I want for Christmas is for Elon Musk to release the Fauci Files.",0.0,POSITIVE,Twitter for Android
 @RpsAgainstTrump: You have to wonder why the Russian state TV (controlled by the Kremlin) doesn't want Elon Musk to step down as Twitter‚Ä¶,-0.07777777777777779,POSITIVE,Twitter for iPhone
" @GretchenOO8: Elon Musk
""To be totally frank, almost every conspiracy theory that people had about Twitter turned out to be true."" https‚Ä¶",0.175,POSITIVE,Twitter for Android
" @GretchenOO8: Elon Musk
""To be totally frank, almost every conspiracy theory that people had about Twitter turned out to be true."" https‚Ä¶",0.175,POSITIVE,Twitter for iPhone
"A DOUBLE MINDED MAN. . . . . . . .IS, ?

Check out this article: https://t.co/pous5frLXS",0.0,POSITIVE,Twitter Web App
" @MattWallace888: Elon Musk is running Twitter better with 50 employees than they did with 7,500 ü§£",0.5,POSITIVE,Twitter for iPhone
" @GretchenOO8: Elon Musk
""To be totally frank, almost every conspiracy theory that people had about Twitter turned out to be true."" https‚Ä¶",0.175,POSITIVE,Twitter for iPhone
 @enerianna: I can‚Äôt believe tweets weren‚Äôt sending earlier bc elon musk unplugged a server hfhfhfjdjdjd actually no I can believe that,0.0,POSITIVE,Twitter for Android
" @PaulMitchell_AB: Elon Musk: ""Is there a conspiracy theory about Twitter that didn't turn out so be true? So far, they've all turned out‚Ä¶",0.22499999999999998,POSITIVE,Twitter Web App
 @CollinRugg: All I want for Christmas is for Elon Musk to use Twitter to bankrupt the main stream media.,0.16666666666666666,POSITIVE,Twitter for Android
 @iamraisini: Should I buy Twitter from Elon Musk? I will respect the result of this poll if Elon accepts my offer of $14.20 Billion,0.0,POSITIVE,Twitter Web App
" @CollinRugg: Elon Musk on Twitter Files: ""To be totally frank, almost every conspiracy theory that people had about Twitter turned out t‚Ä¶",0.0,POSITIVE,Twitter Web App
@thevivafrei Elon musk is owned by the chinese communist party...oh hang on that is true and not a theory.,0.175,POSITIVE,Twitter for Android
" @token_christmas: @elonmusk Thanks for mentioning us Elon Musk! Happy Christmas everyone!
$mct #mct #merrychristmastoken @token_christma‚Ä¶",0.625,POSITIVE,Twitter for Android
 @mini_razdan10: Can‚Äôt miss Elon Musk‚Äôs response to h@teful Trusche. ‚Ä¶üëèüëèüëèüëèüëèüëè https://t.co/N5qu5mikuV,0.0,POSITIVE,Twitter for Android
" @GretchenOO8: Elon Musk
""To be totally frank, almost every conspiracy theory that people had about Twitter turned out to be true."" https‚Ä¶",0.175,POSITIVE,Twitter for iPad
" @Reuters: ICYMI: Twitter users voted in a poll for Elon Musk to step down as chief executive of the social media platform, in a backlash‚Ä¶",-0.06111111111111113,POSITIVE,Twitter for Android
 @ProTrader_Mike: @elonmusk is LIVE retweet this and like üëç Elon Musk: I'm resigning as Ceo of Twitter | What will happen to Bitcoin... h‚Ä¶,0.13636363636363635,POSITIVE,Twitter for Android
" @ReutersTech: Exclusive: Twitter removes suicide prevention feature, says it's under revamp https://t.co/LFOgJ7nbqL https://t.co/qjfSYBp‚Ä¶",0.0,POSITIVE,Twitter for iPhone
" @MattWallace888: Elon Musk is running Twitter better with 50 employees than they did with 7,500 ü§£",0.5,POSITIVE,Twitter for iPhone
" @DrEliDavid: Elon Musk: ‚ÄúAlmost every conspiracy theory that people had about Twitter turned out to be true.‚Äù

https://t.co/OktxyIoHmq",0.35,POSITIVE,Twitter for Android
" @patriot_hammer: ‚ÄºÔ∏èNOT Conspiracy Theorists ‚ÄºÔ∏è
Yes, we are those MFers who have been right about damn near everything. @elonmusk validat‚Ä¶",0.19285714285714284,POSITIVE,Twitter Web App
@ItsPonky elon musk sir i have an idea you should hold me upside down and shake me around until all my lunch money falls out of my pockets,-0.15555555555555559,POSITIVE,Twitter Web App
" @jessehawken: Incredibly sad, achingly sad, to see Elon Musk, a 51 year old man with several children, tweeting the word ‚Äúkek‚Äù on Christ‚Ä¶",-0.225,POSITIVE,Twitter Web App
" @CollinRugg: Elon Musk on Twitter Files: ""To be totally frank, almost every conspiracy theory that people had about Twitter turned out t‚Ä¶",0.0,POSITIVE,Twitter Web App
" @MuskUniversity: ""Many battles remain, but... the tide is starting to turn on the mortal threat to civilization that is the woke mind vi‚Ä¶",0.25,POSITIVE,Twitter for iPhone
" @ohhhhherewego: elon musk watching glass onion
 https://t.co/juHM92jcsO",0.0,POSITIVE,Twitter Web App
 @enerianna: I can‚Äôt believe tweets weren‚Äôt sending earlier bc elon musk unplugged a server hfhfhfjdjdjd actually no I can believe that h‚Ä¶,0.0,POSITIVE,TweetDeck
" @OzraeliAvi: ELON MUSK: ‚ÄúIs there a conspiracy theory about Twitter that didn‚Äôt turn out to be true? 

So far, they‚Äôve all turned out to‚Ä¶",0.22499999999999998,POSITIVE,Twitter for iPhone
" @DrEliDavid: Elon Musk: ‚ÄúAlmost every conspiracy theory that people had about Twitter turned out to be true.‚Äù

https://t.co/OktxyIoHmq",0.35,POSITIVE,Twitter for iPad
"""Easy to fool people, but almost impossible to convince people that they have been fooled.""

| Elon Musk",-0.11666666666666664,POSITIVE,Twitter for iPhone
 @MattWallace888: Elon Musk is against WW3 and the total destruction of all of humanity. Do you agree?,0.0,POSITIVE,Twitter Web App
" @CollinRugg: Elon Musk on Twitter Files: ""To be totally frank, almost every conspiracy theory that people had about Twitter turned out t‚Ä¶",0.0,POSITIVE,Twitter for iPhone
" @ohhhhherewego: elon musk watching glass onion
 https://t.co/juHM92jcsO",0.0,POSITIVE,Twitter for Android
 @mini_razdan10: Can‚Äôt miss Elon Musk‚Äôs response to h@teful Trusche. ‚Ä¶üëèüëèüëèüëèüëèüëè https://t.co/N5qu5mikuV,0.0,POSITIVE,Twitter for Android
" @GretchenOO8: Elon Musk
""To be totally frank, almost every conspiracy theory that people had about Twitter turned out to be true."" https‚Ä¶",0.175,POSITIVE,Twitter for iPhone
" @GretchenOO8: Elon Musk
""To be totally frank, almost every conspiracy theory that people had about Twitter turned out to be true."" https‚Ä¶",0.175,POSITIVE,Twitter for iPhone
" @GretchenOO8: Elon Musk
""To be totally frank, almost every conspiracy theory that people had about Twitter turned out to be true."" https‚Ä¶",0.175,POSITIVE,Twitter for iPhone
" @MattWallace888: Elon Musk is running Twitter better with 50 employees than they did with 7,500 ü§£",0.5,POSITIVE,Twitter for Android
 @MollyJongFast: This is pretty interesting  https://t.co/5fMZgZzsTd,0.375,POSITIVE,Twitter for iPad
"Twitter No Longer in Fast Lane to Bankruptcy ‚Äì Featured Bitcoin News https://t.co/HKyjGO0PlU

Tesla CEO and Twitter‚Ä¶ https://t.co/Z7MDIjaaXu",0.2,POSITIVE,IFTTT
" @MattWallace888: Elon Musk is running Twitter better with 50 employees than they did with 7,500 ü§£",0.5,POSITIVE,Twitter for iPhone
" @CollinRugg: Elon Musk on Twitter Files: ""To be totally frank, almost every conspiracy theory that people had about Twitter turned out t‚Ä¶",0.0,POSITIVE,Twitter for iPhone
" @GretchenOO8: Elon Musk
""To be totally frank, almost every conspiracy theory that people had about Twitter turned out to be true."" https‚Ä¶",0.175,POSITIVE,Twitter for iPhone
" @stage274: Elon Musk set to buy his own silver mine in bid to 'solve biggest weakness', pal says - Daily Star :) https://t.co/9G2OFkrU9u",0.3666666666666667,POSITIVE,Twitter for iPhone
" @MuskUniversity: ""Truth brings reconciliation.""

| Elon Musk",0.0,POSITIVE,Twitter Web App
" @GretchenOO8: Elon Musk
""To be totally frank, almost every conspiracy theory that people had about Twitter turned out to be true."" https‚Ä¶",0.175,POSITIVE,Twitter for Android
" @GretchenOO8: Elon Musk
""To be totally frank, almost every conspiracy theory that people had about Twitter turned out to be true."" https‚Ä¶",0.175,POSITIVE,Twitter for Android
" @GretchenOO8: Elon Musk
""To be totally frank, almost every conspiracy theory that people had about Twitter turned out to be true."" https‚Ä¶",0.175,POSITIVE,Twitter for iPhone
" @GretchenOO8: Elon Musk
""To be totally frank, almost every conspiracy theory that people had about Twitter turned out to be true."" https‚Ä¶",0.175,POSITIVE,Twitter for iPhone
" @GretchenOO8: Elon Musk
""To be totally frank, almost every conspiracy theory that people had about Twitter turned out to be true."" https‚Ä¶",0.175,POSITIVE,Twitter for Android
" @iamraisini: üßµ #ElonFiles 
1/6 Elon Musk is a Con Artist. Elon fears inevitable FBI arrest &amp; wants you to believe it is because of the T‚Ä¶",0.05000000000000001,POSITIVE,Twitter for Android
" @GretchenOO8: Elon Musk
""To be totally frank, almost every conspiracy theory that people had about Twitter turned out to be true."" https‚Ä¶",0.175,POSITIVE,Twitter for iPhone
" @cbouzy: üê≥Spoutible received an honorable mention. Let's go!

https://t.co/Ph8d1Ffio9",0.0,POSITIVE,Twitter for Android
" @GretchenOO8: Elon Musk
""To be totally frank, almost every conspiracy theory that people had about Twitter turned out to be true."" https‚Ä¶",0.175,POSITIVE,Twitter for Android
 @thebradfordfile: So basically Elon Musk purchased twitter from the FBI and CIA.,0.0,POSITIVE,Twitter for Android
"""Elon Musk Looking in the Mirror(Whataboutism)"" by Saven Satow with AI
#Whataboutism
#DiegoVel√°zquez
#Vel√°zquez‚Ä¶ https://t.co/LzFMYfdJ0L",0.0,POSITIVE,Twitter for iPhone
" @GretchenOO8: Elon Musk
""To be totally frank, almost every conspiracy theory that people had about Twitter turned out to be true."" https‚Ä¶",0.175,POSITIVE,Twitter for iPhone
" @ohhhhherewego: elon musk watching glass onion
 https://t.co/juHM92jcsO",0.0,POSITIVE,Twitter for iPhone
" @jessehawken: Incredibly sad, achingly sad, to see Elon Musk, a 51 year old man with several children, tweeting the word ‚Äúkek‚Äù on Christ‚Ä¶",-0.225,POSITIVE,Twitter Web App
"Elon Musk is as dumb as dirt, yet is worshipped. WTF !L!? @elonmusk",-0.578125,POSITIVE,Twitter for iPad
" @GretchenOO8: Elon Musk
""To be totally frank, almost every conspiracy theory that people had about Twitter turned out to be true."" https‚Ä¶",0.175,POSITIVE,Twitter Web App
" @GretchenOO8: Elon Musk
""To be totally frank, almost every conspiracy theory that people had about Twitter turned out to be true."" https‚Ä¶",0.175,POSITIVE,Twitter for Android
 @duty2warn: Elon Musk is pleased today. Not because it's Christmas. Because it's Sunday and the stock market is closed.,0.2,POSITIVE,Twitter for iPhone
" @DrEliDavid: Elon Musk: ‚ÄúAlmost every conspiracy theory that people had about Twitter turned out to be true.‚Äù

https://t.co/OktxyIoHmq",0.35,POSITIVE,Twitter for Android
" @XRPcryptowolf: #XRP accepted as payment for luxury homes in Dubai
https://t.co/vp6XxSb1xp",0.0,POSITIVE,Twitter for iPhone
" @GretchenOO8: Elon Musk
""To be totally frank, almost every conspiracy theory that people had about Twitter turned out to be true."" https‚Ä¶",0.175,POSITIVE,Twitter for iPhone
 @nytimes: Sasha Solomon was one of the media industry employees who lost their jobs this year after using Twitter to take on the institu‚Ä¶,0.0,POSITIVE,Twitter for Android
" @realJayRiley: Merry Christmas Elon Musk and everyone here to support our President @realDonaldTrump!!! 

üéÖüá∫üá∏üéÑ https://t.co/ruVKXntjXR",0.0,POSITIVE,Twitter for Android
 @PolitiBunny: Not the first or LAST time Elon Musk says the quiet part about Twitter conspiracies out loud (watch) https://t.co/XGdHDB8C‚Ä¶,0.0875,POSITIVE,Twitter for Android
" @token_christmas: @elonmusk Thanks for mentioning us Elon Musk! Happy Christmas everyone!
$mct #mct #merrychristmastoken @token_christma‚Ä¶",0.625,POSITIVE,Twitter for Android
"@IgnazBearth Elon's brother, Kimbal, is in the WEF. He's also on the board for Tesla and SpaceX. 

So, Elon may as‚Ä¶ https://t.co/uPfnuMPc2n",0.0,POSITIVE,Twitter Web App
" @MattWallace888: Elon Musk is running Twitter better with 50 employees than they did with 7,500 ü§£",0.5,POSITIVE,Twitter Web App
" @GretchenOO8: Elon Musk
""To be totally frank, almost every conspiracy theory that people had about Twitter turned out to be true."" https‚Ä¶",0.175,POSITIVE,Twitter for iPhone
" @QuoteDigging: @richsignorelli Shops used to have a sign saying, IF YOU BREAK IT, YOU OWN IT. Elon Musk's motto seems to be, I OWN IT, S‚Ä¶",0.6,POSITIVE,Twitter Web App
 @enerianna: I can‚Äôt believe tweets weren‚Äôt sending earlier bc elon musk unplugged a server hfhfhfjdjdjd actually no I can believe that,0.0,POSITIVE,Twitter for Android
" @DrEliDavid: Elon Musk: ‚ÄúAlmost every conspiracy theory that people had about Twitter turned out to be true.‚Äù

https://t.co/OktxyIoHmq",0.35,POSITIVE,Twitter for iPhone
"Dumb ass hole detection is truly near the top of the incredibly short list of Elon Musk accomplishments, and of cou‚Ä¶ https://t.co/GJaoD7DL0x",0.056249999999999994,POSITIVE,Twitter Web App
"So I‚Äôve seen the first half of Glass Onion and my favorite parts are, in no particular order-

- Benoit Blanc playi‚Ä¶ https://t.co/yTg2R0YVpS",0.125,POSITIVE,Twitter for iPhone
" @DrEliDavid: Elon Musk: ‚ÄúAlmost every conspiracy theory that people had about Twitter turned out to be true.‚Äù

https://t.co/OktxyIoHmq",0.35,POSITIVE,Twitter for iPhone
" @token_christmas: @elonmusk Thanks for mentioning us Elon Musk! Happy Christmas everyone!
$mct #mct #merrychristmastoken @token_christma‚Ä¶",0.625,POSITIVE,Twitter for Android
" @MuskUniversity: ""Easy to fool people, but it is almost impossible to convince people that they have been fooled.""

| Elon Musk",-0.11666666666666664,POSITIVE,Twitter for Android
" @CollinRugg: Elon Musk on Twitter Files: ""To be totally frank, almost every conspiracy theory that people had about Twitter turned out t‚Ä¶",0.0,POSITIVE,Twitter for iPhone
"@leovisigodo ELON MUSK, NOT ME",0.0,POSITIVE,Twitter for iPhone
" @JamesBradleyCA: Today, all I want for Christmas is for Elon Musk to release the Fauci Files.",0.0,POSITIVE,Twitter for iPhone
" @MattWallace888: Elon Musk is running Twitter better with 50 employees than they did with 7,500 ü§£",0.5,POSITIVE,Twitter Web App
 @JoshuaPHilll: Just saw Elon Musk and Richard Dawkins agreeing that progressive professors are the root of all evil. Just wild to me tha‚Ä¶,-0.45,POSITIVE,Twitter for Android
" @CollinRugg: Elon Musk on Twitter Files: ""To be totally frank, almost every conspiracy theory that people had about Twitter turned out t‚Ä¶",0.0,POSITIVE,Twitter for iPhone
" @Goldbroker_com: Silver, The Next Sector To Be Hit By The ""Elon Musk"" Effect? (@LaurentMaurel_)

‚ñ∂ https://t.co/TxaD3Y7o5v

@elonmusk @W‚Ä¶",0.0,POSITIVE,Twitter for iPhone
" @CollinRugg: Elon Musk on Twitter Files: ""To be totally frank, almost every conspiracy theory that people had about Twitter turned out t‚Ä¶",0.0,POSITIVE,Twitter Web App
 @HiRezTheRapper: Twitter before Elon musk took over üòÇüòÇüòÇ https://t.co/MW2OsLaQbN,0.0,POSITIVE,Twitter for iPhone
" @CollinRugg: Elon Musk on Twitter Files: ""To be totally frank, almost every conspiracy theory that people had about Twitter turned out t‚Ä¶",0.0,POSITIVE,Twitter for iPhone
" @ChuckCallesto: ELON MUSK: 'To be totally frank, ALMOST EVERY CONSPIRACY THEORY that people had about Twitter turned out to be true.'..‚Ä¶",0.175,POSITIVE,Twitter for iPhone
" @BoneShiba: #Bone #Shibarium
This Christmas, #Binance and Elon Musk are showing pictures of dogs that need $bone . . .",0.0,POSITIVE,Twitter for Android
" @GretchenOO8: Elon Musk
""To be totally frank, almost every conspiracy theory that people had about Twitter turned out to be true."" https‚Ä¶",0.175,POSITIVE,Twitter for Android
" @CollinRugg: Merry Christmas to all, especially the 5000 useless Twitter employees who got fired by Elon Musk üò¨üéÑ",-0.25,POSITIVE,Twitter for iPhone
 @maudi63: @MollyJongFast Gifted article: https://t.co/uPv7yLOg2K,0.5,POSITIVE,Twitter for iPhone
" @GretchenOO8: Elon Musk
""To be totally frank, almost every conspiracy theory that people had about Twitter turned out to be true."" https‚Ä¶",0.175,POSITIVE,Twitter for iPhone
" @MattWallace888: Elon Musk is running Twitter better with 50 employees than they did with 7,500 ü§£",0.5,POSITIVE,Twitter for iPhone
" @CollinRugg: Elon Musk on Twitter Files: ""To be totally frank, almost every conspiracy theory that people had about Twitter turned out t‚Ä¶",0.0,POSITIVE,Twitter for iPhone
" @GretchenOO8: Elon Musk
""To be totally frank, almost every conspiracy theory that people had about Twitter turned out to be true."" https‚Ä¶",0.175,POSITIVE,Twitter for Android
" @MattWallace888: Elon Musk is running Twitter better with 50 employees than they did with 7,500 ü§£",0.5,POSITIVE,Twitter for Android
 @TheDailyEdge: Fake Christians is trending because Republican Jesus has more fake followers than Elon Musk.,-0.16666666666666666,POSITIVE,–ûwly
Elon Musk slept with my mom!,0.0,POSITIVE,"Cheap Bots, Done Quick!"
" @MattWallace888: Elon Musk is running Twitter better with 50 employees than they did with 7,500 ü§£",0.5,POSITIVE,Twitter for Android
" @MattWallace888: Elon Musk is running Twitter better with 50 employees than they did with 7,500 ü§£",0.5,POSITIVE,Twitter for iPhone
" @tealeavesblue: Elon Musk hopping on twitter like ""ummm guys the child slave labour emerald mine hate is kinda forced ü´§ü´§ü´§""",-0.55,POSITIVE,Twitter for Android
" @token_christmas: @elonmusk Thanks for mentioning us Elon Musk! Happy Christmas everyone!
$mct #mct #merrychristmastoken @token_christma‚Ä¶",0.625,POSITIVE,Twitter for Android
" @JoshuaPHilll: Before he steps down I‚Äôd just like to thank Elon Musk for shattering the myth that billionaires are smarter, more hard wo‚Ä¶",0.017592592592592587,POSITIVE,Twitter for iPhone
" @GretchenOO8: Elon Musk
""To be totally frank, almost every conspiracy theory that people had about Twitter turned out to be true."" https‚Ä¶",0.175,POSITIVE,Twitter for iPhone
" @token_christmas: @elonmusk Thanks for mentioning us Elon Musk! Happy Christmas everyone!
$mct #mct #merrychristmastoken @token_christma‚Ä¶",0.625,POSITIVE,Twitter for Android
" @bgrahamdisciple: My son, who is a software engineer, just told me that people who know software just had their Elon Musk realization. h‚Ä¶",0.0,POSITIVE,Twitter for iPhone
 @formal_manners: elon musk watching ‚Äúglass onion: a knives out mystery‚Äù https://t.co/wZj78u9EKN,0.0,POSITIVE,Twitter for Android
"@elonmusk Merry Christmas Elon Musk
Hope you had a Great Christmas",0.8,POSITIVE,Twitter for Android
 @BoSnerdley: She Worked for Twitter. Then She Tweeted at Elon Musk. https://t.co/ZM5Fw9yLAG,0.0,POSITIVE,Twitter for Android
"Elizabeth Warren Prods Tesla About Elon Musk and Twitter

#Commerce #European #Facebook #Federal #HK #House #Y‚Ä¶ https://t.co/oUKYqGiCr3",0.0,POSITIVE,rohitchouhan.com
 @ikitorp: I don't know how to explain this but Neil deGrasse Tyson is the Elon Musk of Carl Sagans,0.0,POSITIVE,Twitter for iPhone
" @CollinRugg: Elon Musk on Twitter Files: ""To be totally frank, almost every conspiracy theory that people had about Twitter turned out t‚Ä¶",0.0,POSITIVE,Twitter for iPhone
" @MuskUniversity: ""Easy to fool people, but it is almost impossible to convince people that they have been fooled.""

| Elon Musk",-0.11666666666666664,POSITIVE,Twitter for iPhone
" @SamGrittner: Elon Musk is spending the day polling his kids about how much they love him, getting owned by the results, then blaming th‚Ä¶",0.35,POSITIVE,Twitter for iPhone
Is Elon Musk capable of leading a team AND raising a family? We should consider American Values.,0.1,POSITIVE,"Cheap Bots, Done Quick!"
" @GretchenOO8: Elon Musk
""To be totally frank, almost every conspiracy theory that people had about Twitter turned out to be true."" https‚Ä¶",0.175,POSITIVE,Twitter for iPhone
" @MattWallace888: Elon Musk is running Twitter better with 50 employees than they did with 7,500 ü§£",0.5,POSITIVE,Twitter for Android
" @bgrahamdisciple: My son, who is a software engineer, just told me that people who know software just had their Elon Musk realization. h‚Ä¶",0.0,POSITIVE,Twitter Web App
" @EmeraldRobinson: What a great year for America's national security state!

RFK Jr. confirms that CIA killed JFK.

Elon Musk confirms th‚Ä¶",0.4,POSITIVE,Twitter for Android
" @IanJaeger29: Donald Trump called Elon Musk a ‚Äúbrilliant person we need to protect‚Äù 

Do you agree?",0.9,POSITIVE,Twitter for iPhone
 @gazattak_: twitter will suspend accounts that expose elon musk for being a horrid person but this one is just some dude blatantly compl‚Ä¶,-0.5,POSITIVE,Twitter for Android
It wasn‚Äôt until I explained that Elon Musk also committed academic fraud that my dad started to believe he sucked.,0.0,POSITIVE,Twitter for iPhone
" @token_christmas: @elonmusk Thanks for mentioning us Elon Musk! Happy Christmas everyone!
$mct #mct #merrychristmastoken @token_christma‚Ä¶",0.625,POSITIVE,Twitter for Android
" @CollinRugg: Elon Musk on Twitter Files: ""To be totally frank, almost every conspiracy theory that people had about Twitter turned out t‚Ä¶",0.0,POSITIVE,Twitter for Android
" @jessehawken: Incredibly sad, achingly sad, to see Elon Musk, a 51 year old man with several children, tweeting the word ‚Äúkek‚Äù on Christ‚Ä¶",-0.225,POSITIVE,Twitter for iPhone
" @gokhshteinmedia: Web3 Awards 2022! üéâ

Thurs, Dec. 29th @ 7:30pm EST üèÜ

Vote for Most Influential Man of the Year:
1. Andrew Tate @Cobra‚Ä¶",0.5,POSITIVE,Twitter for iPhone
There have been revelations‚Äîjust not the ones the authors wanted. https://t.co/sxKtg1xKJX via @slate If anything is‚Ä¶ https://t.co/VXp6oXDVg9,0.0,POSITIVE,Twitter Web App
 @priscilagural: Elon Musk's Lame Attempt To Use Twitter To Influence The U.S. Government https://t.co/l198zALdqA via @YouTube,-0.5,POSITIVE,Twitter Web App
 @Cnut_real: Elon musk has lost the Rick and Morty subreddit. It‚Äôs over https://t.co/hDj1ooLGod,0.0,POSITIVE,Twitter for iPad
" @token_christmas: @elonmusk Thanks for mentioning us Elon Musk! Happy Christmas everyone!
$mct #mct #merrychristmastoken @token_christma‚Ä¶",0.625,POSITIVE,Twitter for Android
" @MuskUniversity: ""Truth brings reconciliation.""

| Elon Musk",0.0,POSITIVE,Twitter for iPhone
 @Cnut_real: Elon musk has lost the Rick and Morty subreddit. It‚Äôs over https://t.co/hDj1ooLGod,0.0,POSITIVE,Twitter for iPhone
" @GretchenOO8: Elon Musk
""To be totally frank, almost every conspiracy theory that people had about Twitter turned out to be true."" https‚Ä¶",0.175,POSITIVE,Twitter Web App
" @CollinRugg: Elon Musk on Twitter Files: ""To be totally frank, almost every conspiracy theory that people had about Twitter turned out t‚Ä¶",0.0,POSITIVE,Twitter for iPhone
 @MattWallace888: Elon Musk is against WW3 and the total destruction of all of humanity. Do you agree?,0.0,POSITIVE,Twitter for iPhone
" @iamraisini: üßµ #ElonFiles 
1/6 Elon Musk is a Con Artist. Elon fears inevitable FBI arrest &amp; wants you to believe it is because of the T‚Ä¶",0.05000000000000001,POSITIVE,Twitter for iPad
 @sophie_frm_mars: Elon Musk is a dipshit https://t.co/wXwWj8ICaV,0.0,POSITIVE,Twitter for iPhone
" @MattWallace888: Elon Musk is running Twitter better with 50 employees than they did with 7,500 ü§£",0.5,POSITIVE,Twitter for iPhone
" @ginsengaddict: Exhibit A: Who Elon Musk thinks he is.

Exhibit B: Who Elon Musk actually is.

#GlassOnion https://t.co/viLhSQIDFT",0.0,POSITIVE,Twitter for iPhone
" @MichaelPSenger: Elon Musk: ‚ÄúTo be totally frank, almost every conspiracy theory that people had about Twitter turned out to be true.‚Äù
h‚Ä¶",0.175,POSITIVE,Twitter Web App
